Time,Username,Message,Happy,Sad,Excited,Angry
8:59 AM,Sarah,Good morning team! Let's kickstart this week with some exciting updates on our latest project. ??,1,0,1,0
9:02 AM,Alex,Hey everyone! Super pumped to see where we're at with the design. ??,1,0,1,0
9:05 AM,Mark,Morning folks! Ready to dive into the technical details. ??,1,0,0,0
9:08 AM,Emily,"Hi team, can't wait to hear how this is shaping up for our marketing plan. ??",0,0,1,0
9:11 AM,Sarah,"Awesome! First, let's discuss the user feedback from our last round of testing. ??",1,0,1,0
9:14 AM,Chris,"?? Yes, user feedback was incredibly positive! Users are loving the new interface. ??",1,0,1,0
9:17 AM,Alex,"That's fantastic news! Great job, Chris! ??",1,0,1,0
9:20 AM,Mark,Our devs have made some significant performance improvements too. Our app's loading time has been cut in half! ??,1,0,1,0
9:23 AM,Sarah,"That's music to my ears! Now, Emily, how's our marketing strategy looking?",1,0,1,0
9:26 AM,Emily,It's shaping up nicely. I've drafted a killer social media campaign to coincide with the launch. Get ready for some buzz! ??,1,0,1,0
9:29 AM,Sarah,"Awesome, Emily! And don't forget to loop in our influencers. They can really drive engagement. ??",1,0,1,0
9:32 AM,Alex,"Speaking of influencers, I've reached out to a few for early access. Some of them are really excited to get their hands on it! ??",1,0,1,0
9:35 AM,Mark,"That's excellent, Alex! Let's ensure they have a smooth experience.",1,0,1,0
9:38 AM,Sarah,"Great progress, team! Now, we need to finalize the launch date. Any suggestions?",1,0,1,0
9:41 AM,Chris,How about a countdown event? We could create some suspense and anticipation! ?,1,0,1,0
9:44 AM,Emily,"Love it, Chris! We could host a virtual launch party with giveaways. ??",1,0,1,0
9:47 AM,Alex,I can create some stunning graphics for the countdown and virtual party invitations. ??,1,0,1,0
9:50 AM,Mark,We'll need to make sure our servers can handle the increased traffic during the launch event. I'll look into that. ??,1,0,1,0
9:53 AM,Sarah,"This is shaping up to be an incredible launch, team! Let's aim for next month, and I'll start coordinating with the stakeholders. ??",1,0,1,0
9:56 AM,Emily,"Sounds perfect, Sarah! Can't wait to see this project take off! ??",1,0,1,0
9:59 AM,Chris,"Agreed! It's been an exciting journey, and I'm thrilled to see the user reactions. ??",1,0,1,0
10:02 AM,Alex,Me too! Let's make sure this is the best product launch ever! ??,1,0,1,0
10:05 AM,Mark,Count on us to make it technically flawless! ??,1,0,1,0
10:08 AM,Sarah,"Thanks, everyone! Let's keep the momentum going. Catch you all in our next meeting. Have a fantastic day! ??",1,0,1,0
10:10 AM,Mark,Keep the enthusiasm up! Let's rock this launch! ??,1,0,1,0
10:12 AM,Emily,Let's start brainstorming some unique giveaway ideas! ??,1,0,1,0
10:15 AM,Chris,I'll gather some user testimonials for our marketing material. ??,1,0,1,0
10:18 AM,Alex,"Sarah, I'll send you some design concepts for the virtual party invitations by the end of the day. ??",1,0,1,0
10:21 AM,Mark,"Keep up the amazing work, team! ??",1,0,1,0
10:24 AM,Sarah,Couldn't ask for a better team! Let's make this happen! ??,1,0,1,0
10:30 AM,Soumen,Extremely disappointed with the work done by the team!,0,1,0,1
